City_ID,City,Country,Date,Lat,Lng,Max Temp,Humidity,Cloudiness,Wind Speed
0,Labuhan,ID,2021-01-14 21:14:42,-6.8844,112.2051,76.64,85,100,10.25
1,Atuona,PF,2021-01-14 21:14:42,-9.8,-139.0333,77.23,78,21,15.32
2,Cascais,PT,2021-01-14 21:14:42,38.6979,-9.4215,54.0,90,96,18.12
3,Susangerd,IR,2021-01-14 21:14:42,31.5608,48.1831,51.8,76,75,2.3
4,Longyearbyen,SJ,2021-01-14 21:14:42,78.2186,15.6401,26.6,80,75,10.36
5,Saskylakh,RU,2021-01-14 21:14:42,71.9167,114.0833,-46.48,76,47,2.51
6,Mar Del Plata,AR,2021-01-14 21:14:42,-38.0023,-57.5575,71.6,78,40,32.21
7,Chapais,CA,2021-01-14 21:11:19,49.7834,-74.8492,28.4,86,90,2.26
8,Srandakan,ID,2021-01-14 21:14:43,-7.9386,110.2506,76.08,74,100,2.48
9,Cape Town,ZA,2021-01-14 21:13:56,-33.9258,18.4232,66.99,94,75,12.66
10,Lagoa,PT,2021-01-14 21:14:43,39.05,-27.9833,61.99,89,100,20.24
11,Tual,ID,2021-01-14 21:14:43,-5.6667,132.75,84.09,76,100,9.24
12,Buraydah,SA,2021-01-14 21:10:34,26.326,43.975,62.6,63,20,9.22
13,Port Blair,IN,2021-01-14 21:14:43,11.6667,92.75,77.14,81,78,11.14
14,Ushuaia,AR,2021-01-14 21:11:28,-54.8,-68.3,53.6,58,20,3.44
15,Jardim,BR,2021-01-14 21:09:52,-21.4803,-56.1381,84.67,71,98,4.41
16,Busselton,AU,2021-01-14 21:14:44,-33.65,115.3333,60.01,77,45,3.0
17,Taraz,KZ,2021-01-14 21:11:27,42.9,71.3667,21.2,93,90,6.71
18,Clyde River,CA,2021-01-14 21:14:44,70.4692,-68.5914,-13.0,77,1,4.61
19,Bluff,NZ,2021-01-14 21:14:44,-46.6,168.3333,60.76,83,17,4.07
20,Ojinaga,MX,2021-01-14 21:14:45,29.5667,-104.4167,69.8,16,1,4.61
21,Quatre Cocos,MU,2021-01-14 21:14:45,-20.2078,57.7625,77.0,88,40,9.13
22,Gryazovets,RU,2021-01-14 21:14:45,58.88,40.2525,-3.51,92,100,7.63
23,Barrow,US,2021-01-14 21:11:11,71.2906,-156.7887,-11.2,77,1,14.97
24,Harper,LR,2021-01-14 21:14:45,4.375,-7.7169,78.55,85,100,8.12
25,Bengkulu,ID,2021-01-14 21:14:46,-3.8004,102.2655,76.6,82,99,3.36
26,Iracoubo,GF,2021-01-14 21:14:46,5.4802,-53.2011,77.58,87,99,13.78
27,Bossangoa,CF,2021-01-14 21:14:46,6.4926,17.4552,73.94,20,26,3.18
28,Punta Arenas,CL,2021-01-14 21:14:46,-53.15,-70.9167,55.4,71,20,12.66
29,Hammerfest,NO,2021-01-14 21:14:47,70.6634,23.6821,33.8,93,75,8.05
30,Yumen,CN,2021-01-14 21:14:47,40.2833,97.2,19.26,92,100,20.0
31,Saint-Philippe,RE,2021-01-14 21:14:47,-21.3585,55.7679,78.8,83,90,3.44
32,Marsh Harbour,BS,2021-01-14 21:14:47,26.5412,-77.0636,70.45,80,99,11.36
33,Tasiilaq,GL,2021-01-14 21:14:47,65.6145,-37.6368,35.6,80,90,11.5
34,Dikson,RU,2021-01-14 21:14:48,73.5069,80.5464,-28.66,81,0,4.61
35,Kapit,MY,2021-01-14 21:14:48,2.0167,112.9333,73.11,94,100,0.36
36,Hithadhoo,MV,2021-01-14 21:14:00,-0.6,73.0833,81.45,79,100,17.25
37,Bay Roberts,CA,2021-01-14 21:14:48,47.5999,-53.2648,34.0,96,100,5.26
38,New Norfolk,AU,2021-01-14 21:13:33,-42.7826,147.0587,55.99,66,6,2.28
39,Bhatkal,IN,2021-01-14 21:14:48,13.9667,74.5667,78.57,54,0,4.99
40,Muravlenko,RU,2021-01-14 21:14:48,63.7898,74.523,-7.19,87,100,13.89
41,Morant Bay,JM,2021-01-14 21:14:49,17.8815,-76.4093,82.0,78,40,23.02
42,Dingle,PH,2021-01-14 21:14:49,10.9995,122.6711,73.94,92,30,6.44
43,Kodiak,US,2021-01-14 21:13:57,57.79,-152.4072,37.4,93,90,32.21
44,Mabaruma,GY,2021-01-14 21:14:49,8.2,-59.7833,79.63,71,52,5.93
45,Petropavlovsk-Kamchatskiy,RU,2021-01-14 21:14:49,53.0452,158.6483,-0.4,65,100,6.71
46,Anadyr,RU,2021-01-14 21:14:49,64.75,177.4833,-9.4,77,20,4.47
47,Mafinga,TZ,2021-01-14 21:14:50,-7.25,35.0667,67.24,96,96,1.86
48,Elat,IL,2021-01-14 21:14:50,29.5581,34.9482,60.8,51,0,3.33
49,Severo-Kurilsk,RU,2021-01-14 21:14:50,50.6789,156.125,25.34,92,100,18.72
50,Tuktoyaktuk,CA,2021-01-14 21:14:50,69.4541,-133.0374,-7.6,77,90,10.36
51,Jamestown,US,2021-01-14 21:14:50,42.097,-79.2353,37.0,100,90,5.75
52,Lahaina,US,2021-01-14 21:14:50,20.8783,-156.6825,82.4,61,20,4.61
53,Lensk,RU,2021-01-14 21:14:51,60.7253,114.9278,-4.54,87,100,8.97
54,Jalu,LY,2021-01-14 21:14:51,29.0331,21.5482,54.45,82,0,8.75
55,Port Alfred,ZA,2021-01-14 21:14:51,-33.5906,26.891,74.23,90,100,16.51
56,Sault Sainte Marie,CA,2021-01-14 21:09:54,46.5168,-84.3333,35.6,69,90,10.36
57,Rikitea,PF,2021-01-14 21:13:33,-23.1203,-134.9692,77.34,73,70,10.98
58,Klyuchi,RU,2021-01-14 21:14:51,52.2667,79.1667,-20.99,87,19,5.01
59,Albany,US,2021-01-14 21:14:52,42.6001,-73.9662,37.0,69,100,0.72
60,Along,IN,2021-01-14 21:14:52,28.1667,94.7667,51.53,80,3,1.45
61,Shache,CN,2021-01-14 21:14:52,38.4167,77.2406,24.94,77,0,4.9
62,Bredasdorp,ZA,2021-01-14 21:14:52,-34.5322,20.0403,68.0,94,75,3.44
63,Bandarbeyla,SO,2021-01-14 21:14:52,9.4942,50.8122,74.07,75,28,17.16
64,Oksovskiy,RU,2021-01-14 21:14:52,62.6062,39.8984,-14.73,88,100,5.64
65,Hobart,AU,2021-01-14 21:13:34,-42.8794,147.3294,55.99,71,75,8.05
66,Castro,BR,2021-01-14 21:14:53,-24.7911,-50.0119,70.34,82,51,11.34
67,East London,ZA,2021-01-14 21:14:53,-33.0153,27.9116,75.33,88,99,11.32
68,Cayenne,GF,2021-01-14 21:14:54,4.9333,-52.3333,80.6,83,90,10.36
69,Tsabong,BW,2021-01-14 21:14:54,-26.0217,22.401,84.18,41,84,10.2
70,Ndele,CF,2021-01-14 21:14:54,8.4109,20.6473,75.88,19,90,3.76
71,Lavrentiya,RU,2021-01-14 21:10:15,65.5833,-171.0,5.16,93,100,5.93
72,Qaanaaq,GL,2021-01-14 21:13:38,77.484,-69.3632,7.21,75,71,5.06
73,Port Elizabeth,ZA,2021-01-14 21:14:54,-33.918,25.5701,69.8,100,90,13.8
74,Dongning,CN,2021-01-14 21:14:54,44.0622,131.1207,4.66,92,100,2.42
75,Kloulklubed,PW,2021-01-14 21:14:55,7.0419,134.2556,78.8,94,75,5.75
76,Saldanha,ZA,2021-01-14 21:14:55,-33.0117,17.9442,64.4,88,13,13.8
77,Puerto Ayora,EC,2021-01-14 21:14:55,-0.7393,-90.3518,80.6,78,75,4.61
78,Hilo,US,2021-01-14 21:13:37,19.7297,-155.09,82.4,54,40,8.05
79,Mehamn,NO,2021-01-14 21:10:19,71.0357,27.8492,28.4,93,75,9.22
80,Hanover,DE,2021-01-14 21:13:23,52.3705,9.7332,35.01,93,40,4.61
81,Dunedin,NZ,2021-01-14 21:11:08,-45.8742,170.5036,64.0,74,54,1.99
82,Souillac,MU,2021-01-14 21:14:56,-20.5167,57.5167,77.0,88,40,5.57
83,Mataura,NZ,2021-01-14 21:14:56,-46.1927,168.8643,68.72,66,48,1.68
84,Xai-Xai,MZ,2021-01-14 21:14:56,-25.0519,33.6442,77.45,90,19,5.91
85,Cheremshan,RU,2021-01-14 21:14:56,54.6667,51.5,11.52,95,100,15.39
86,Mirnyy,RU,2021-01-14 21:14:56,62.5353,113.9611,-11.09,89,100,5.77
87,Cuiluan,CN,2021-01-14 21:14:56,47.72,128.648,-9.72,88,100,1.7
88,Laguna,US,2021-01-14 21:14:19,38.421,-121.4238,51.8,87,90,4.61
89,Isangel,VU,2021-01-14 21:10:31,-19.55,169.2667,77.0,100,90,9.22
90,Butaritari,KI,2021-01-14 21:13:35,3.0707,172.7902,81.21,77,34,22.7
91,Thompson,CA,2021-01-14 21:14:57,55.7435,-97.8558,26.6,93,90,12.66
92,Inongo,CD,2021-01-14 21:14:57,-1.95,18.2667,74.44,86,99,4.76
93,Oksfjord,NO,2021-01-14 21:14:57,70.2396,22.3479,35.6,86,40,9.42
94,Upernavik,GL,2021-01-14 21:14:57,72.7868,-56.1549,18.21,95,100,3.83
95,Sistranda,NO,2021-01-14 21:14:58,63.7256,8.834,19.4,86,20,12.66
96,Tilichiki,RU,2021-01-14 21:14:58,60.4667,166.1,-24.74,85,0,7.87
97,Port-Gentil,GA,2021-01-14 21:14:58,-0.7193,8.7815,78.8,94,20,3.44
98,Roma,US,2021-01-14 21:10:05,43.2128,-75.4557,37.4,70,90,1.19
99,Arraial Do Cabo,BR,2021-01-14 21:14:58,-22.9661,-42.0278,82.4,73,0,18.41
100,Lebu,CL,2021-01-14 21:10:19,-37.6167,-73.65,60.48,64,100,10.09
101,Vaini,TO,2021-01-14 21:14:59,-21.2,-175.2,84.2,79,20,8.05
102,Kununurra,AU,2021-01-14 21:14:59,-15.7667,128.7333,77.0,100,90,5.75
103,Svatove,UA,2021-01-14 21:14:59,49.4103,38.1503,19.71,97,94,0.92
104,Saint-Joseph,RE,2021-01-14 21:11:56,-21.3667,55.6167,78.8,83,90,3.44
105,Kismayo,SO,2021-01-14 21:14:59,-0.3582,42.5454,76.98,81,62,15.23
106,Dahuk,IQ,2021-01-14 21:14:36,36.8695,42.994,45.48,76,92,14.5
107,Alvorada,BR,2021-01-14 21:15:00,-12.48,-49.1247,83.23,70,100,2.39
108,Chililabombwe,ZM,2021-01-14 21:10:14,-12.3648,27.8229,64.45,97,100,4.45
109,Chokurdakh,RU,2021-01-14 21:15:00,70.6333,147.9167,-20.27,88,91,8.79
110,Dawei,MM,2021-01-14 21:15:00,14.0833,98.2,66.24,72,36,3.47
111,Boromo,BF,2021-01-14 21:15:01,11.75,-2.9333,78.82,15,0,7.58
112,Hermanus,ZA,2021-01-14 21:13:41,-34.4187,19.2345,68.0,85,0,3.76
113,Bayir,TR,2021-01-14 21:15:02,37.2687,28.2167,39.2,93,20,4.61
114,Nikolskoye,RU,2021-01-14 21:15:04,59.7035,30.7861,3.99,85,75,2.24
115,San Quintin,MX,2021-01-14 21:15:04,30.4833,-115.95,71.02,30,0,6.93
116,Piacabucu,BR,2021-01-14 21:15:05,-10.4056,-36.4344,79.97,74,84,15.68
117,Ponta Do Sol,PT,2021-01-14 21:15:05,32.6667,-17.1,57.2,67,40,6.91
118,La Roche-En-Ardenne,BE,2021-01-14 21:15:06,50.1836,5.5755,33.01,98,100,5.99
119,Khatanga,RU,2021-01-14 21:15:06,71.9667,102.5,-49.38,77,53,1.68
120,Aksu,CN,2021-01-14 21:15:06,41.1231,80.2644,18.86,79,0,5.46
121,Pimentel,PE,2021-01-14 21:15:06,-6.8367,-79.9342,80.6,54,0,24.16
122,Kongolo,CD,2021-01-14 21:15:06,-5.3833,27.0,67.98,95,94,1.3
123,Talnakh,RU,2021-01-14 21:14:46,69.4865,88.3972,-40.92,79,37,2.3
124,Mahon,ES,2021-01-14 21:15:07,39.8885,4.2658,46.4,81,20,5.75
125,Nazas,MX,2021-01-14 21:15:07,25.2333,-104.1333,73.42,17,63,7.11
126,Basoko,CD,2021-01-14 21:15:07,1.2391,23.616,72.73,83,82,4.61
127,Ust-Tsilma,RU,2021-01-14 21:15:08,65.441,52.1498,-11.42,87,100,3.44
128,Collie,AU,2021-01-14 21:15:08,-33.3667,116.15,59.0,70,2,3.0
129,Miri,MY,2021-01-14 21:15:08,4.4148,114.0089,77.0,94,40,3.44
130,Ufimskiy,RU,2021-01-14 21:15:08,56.7084,58.0517,6.24,93,100,10.54
131,Vuktyl,RU,2021-01-14 21:15:08,63.8567,57.3094,-7.69,87,100,2.8
132,Lata,PT,2021-01-14 21:14:24,40.1629,-8.3327,54.0,89,92,3.0
133,Tiksi,RU,2021-01-14 21:15:09,71.6872,128.8694,-33.05,84,99,2.68
134,Novo Aripuana,BR,2021-01-14 21:15:09,-5.1206,-60.3797,81.34,87,96,1.07
135,Prestea,GH,2021-01-14 21:15:09,5.4327,-2.1428,76.15,88,16,4.52
136,Flinders,AU,2021-01-14 21:15:10,-34.5833,150.8552,71.01,77,71,1.01
137,Axim,GH,2021-01-14 21:15:00,4.8699,-2.2405,79.27,85,21,9.6
138,Meulaboh,ID,2021-01-14 21:15:10,4.1363,96.1285,75.85,83,100,3.49
139,George,ZA,2021-01-14 21:14:35,-33.963,22.4617,68.0,100,75,5.75
140,Liwale,TZ,2021-01-14 21:15:10,-9.7667,37.9333,71.56,97,52,5.08
141,Airai,TL,2021-01-14 21:13:38,-8.9266,125.4092,62.04,100,37,0.43
142,Cherskiy,RU,2021-01-14 21:15:11,68.75,161.3,-21.78,86,100,9.37
143,Gasa,PS,2021-01-14 21:15:11,31.5,34.4667,59.0,100,24,1.99
144,Bethel,US,2021-01-14 21:14:15,41.3712,-73.414,44.6,65,90,3.44
145,Carnarvon,AU,2021-01-14 21:13:52,-24.8667,113.6333,77.0,100,0,13.8
146,Bathsheba,BB,2021-01-14 21:15:12,13.2167,-59.5167,80.6,74,20,20.71
147,Pisco,PE,2021-01-14 21:14:38,-13.7,-76.2167,77.0,65,0,23.02
148,Scarborough,GB,2021-01-14 21:15:00,54.2797,-0.4044,35.01,92,98,8.19
149,Torbay,CA,2021-01-14 21:15:12,47.6666,-52.7314,36.0,100,90,13.8
150,Poronaysk,RU,2021-01-14 21:15:12,49.2167,143.1167,-1.91,86,79,6.96
151,Kavieng,PG,2021-01-14 21:15:13,-2.5744,150.7967,83.19,74,100,9.35
152,Avarua,CK,2021-01-14 21:14:15,-21.2078,-159.775,84.2,70,75,16.11
153,Rawson,AR,2021-01-14 21:15:13,-43.3002,-65.1023,78.8,53,75,17.27
154,Georgetown,MY,2021-01-14 21:13:54,5.4112,100.3354,79.0,94,20,5.75
155,Pochutla,MX,2021-01-14 21:10:30,15.7432,-96.4661,86.0,54,75,8.05
156,Oistins,BB,2021-01-14 21:15:13,13.0667,-59.5333,80.6,74,20,20.71
157,Saint-Pierre,RE,2021-01-14 21:15:14,-21.3393,55.4781,78.8,83,90,3.44
158,Weligama,LK,2021-01-14 21:11:41,5.9667,80.4167,75.72,86,98,3.91
159,Westport,US,2021-01-14 21:12:57,41.1415,-73.3579,45.0,75,90,4.61
160,Gorontalo,ID,2021-01-14 21:15:14,0.5412,123.0595,75.24,88,90,2.77
161,Ambilobe,MG,2021-01-14 21:15:15,-13.2,49.05,76.98,92,60,1.16
162,Yining,CN,2021-01-14 21:15:15,29.0361,114.5636,45.82,57,0,0.18
163,Pierre,US,2021-01-14 21:14:52,44.3683,-100.351,42.8,26,40,44.87
164,Mahebourg,MU,2021-01-14 21:15:15,-20.4081,57.7,77.0,88,40,7.74
165,Mailani,IN,2021-01-14 21:15:15,28.2833,80.35,51.04,63,12,2.42
166,Faanui,PF,2021-01-14 21:15:15,-16.4833,-151.75,81.14,76,7,15.66
167,Boda,CF,2021-01-14 21:15:16,4.3189,17.4695,72.46,23,48,1.1
168,Alofi,NU,2021-01-14 21:15:16,-19.0595,-169.9187,84.2,79,40,8.05
169,Aswan,EG,2021-01-14 21:15:16,24.0934,32.907,56.75,46,44,10.56
170,Sitka,US,2021-01-14 21:10:24,57.0531,-135.33,41.0,75,90,28.77
171,Manali,IN,2021-01-14 21:15:17,13.1667,80.2667,77.0,94,40,6.8
172,Whitehorse,CA,2021-01-14 21:14:34,60.7161,-135.0538,19.4,79,90,4.61
173,Northam,GB,2021-01-14 21:15:17,51.0333,-4.2167,46.0,85,6,7.0
174,Ancud,CL,2021-01-14 21:15:17,-41.8697,-73.8203,61.0,67,75,12.66
175,Praya,CV,2021-01-14 21:15:18,14.9215,-23.5087,71.6,68,0,18.41
176,Nouakchott,MR,2021-01-14 21:15:18,18.0858,-15.9785,73.4,12,100,13.8
177,Komsomolskiy,UZ,2021-01-14 21:15:18,40.4272,71.7189,30.2,74,0,4.61
178,Gizo,SB,2021-01-14 21:15:18,-8.103,156.8419,83.59,73,28,13.29
179,Kruisfontein,ZA,2021-01-14 21:15:18,-34.0033,24.7314,73.99,86,100,1.99
180,Tofield,CA,2021-01-14 21:15:18,53.3668,-112.6686,28.4,64,0,18.41
181,Banda Aceh,ID,2021-01-14 21:15:18,5.5577,95.3222,76.98,85,99,8.43
182,Qasigiannguit,GL,2021-01-14 21:15:19,68.8193,-51.1922,17.6,93,75,3.44
183,Tucuman,AR,2021-01-14 21:15:19,-26.8241,-65.2226,80.6,83,75,10.36
184,Qui Nhon,VN,2021-01-14 21:15:19,13.7667,109.2333,63.05,87,38,7.09
185,Hualmay,PE,2021-01-14 21:15:19,-11.0964,-77.6139,73.76,75,99,9.24
186,Qinhuangdao,CN,2021-01-14 21:15:19,39.9317,119.5883,25.77,95,0,5.73
187,Chuy,UY,2021-01-14 21:13:44,-33.6971,-53.4616,71.98,57,0,14.0
188,Kapaa,US,2021-01-14 21:15:20,22.0752,-159.319,77.0,78,90,10.36
189,Englehart,CA,2021-01-14 21:15:20,47.8169,-79.8664,30.2,86,90,3.44
190,Ust-Kut,RU,2021-01-14 21:15:20,56.7938,105.7672,1.24,89,100,11.9
191,Kaitangata,NZ,2021-01-14 21:15:20,-46.2817,169.8464,63.0,83,98,1.99
192,Karratha,AU,2021-01-14 21:15:20,-20.7377,116.8463,91.26,49,48,6.85
193,Saryagash,KZ,2021-01-14 21:15:21,41.4511,69.1701,35.6,93,0,4.61
194,Camargo,MX,2021-01-14 21:15:21,27.6667,-105.1667,69.46,20,0,11.72
195,Barda,AZ,2021-01-14 21:15:21,40.3744,47.1267,41.0,100,90,5.75
196,Meadow Lake,US,2021-01-14 21:11:46,34.8014,-106.5436,59.0,12,90,20.71
197,Henties Bay,NA,2021-01-14 21:14:53,-22.116,14.2845,71.01,80,98,4.79
198,Nyurba,RU,2021-01-14 21:15:22,63.2842,118.3319,-15.38,88,100,5.61
199,Fairbanks,US,2021-01-14 21:13:47,64.8378,-147.7164,-9.4,77,40,2.3
200,Kinablangan,PH,2021-01-14 21:15:22,7.6947,126.5503,77.67,81,48,5.7
201,Yar-Sale,RU,2021-01-14 21:15:22,66.8333,70.8333,-5.4,89,68,7.92
202,Tommot,RU,2021-01-14 21:15:22,58.9564,126.2925,-25.08,79,80,2.15
203,Alice Springs,AU,2021-01-14 21:14:24,-23.7,133.8833,82.4,28,0,9.22
204,Mineros,BO,2021-01-14 21:10:28,-17.1167,-63.2333,84.2,70,40,8.05
205,Vysokogornyy,RU,2021-01-14 21:15:24,50.1167,139.15,-15.97,87,100,2.84
206,San Patricio,US,2021-01-14 21:15:24,28.017,-97.5169,82.4,20,1,9.22
207,Pevek,RU,2021-01-14 21:14:11,69.7008,170.3133,-16.62,89,100,5.39
208,Caravelas,BR,2021-01-14 21:15:24,-17.7125,-39.2481,79.3,75,0,9.33
209,Tateyama,JP,2021-01-14 21:15:24,34.9833,139.8667,44.01,55,74,8.99
210,Marabba,SD,2021-01-14 21:15:24,12.35,32.1833,74.55,20,0,11.54
211,Poletayevo,RU,2021-01-14 21:15:25,55.0336,61.1138,-16.6,76,0,6.71
212,Richards Bay,ZA,2021-01-14 21:14:01,-28.783,32.0377,74.75,85,89,6.13
213,Hami,CN,2021-01-14 21:15:25,42.8,93.45,14.97,80,2,7.7
214,Mayskiy,RU,2021-01-14 21:15:25,47.6931,40.1025,28.4,86,90,6.71
215,Veseloyarsk,RU,2021-01-14 21:15:25,51.2836,81.1056,-23.57,84,0,4.03
216,Buala,SB,2021-01-14 21:15:25,-8.145,159.5921,82.99,75,94,6.76
217,Lasa,IT,2021-01-14 21:10:59,46.6166,10.7002,36.0,86,90,4.61
218,Sayyan,YE,2021-01-14 21:14:25,15.1718,44.3244,45.18,67,0,1.45
219,Sao Filipe,CV,2021-01-14 21:15:26,14.8961,-24.4956,72.57,70,100,13.4
220,Fare,PF,2021-01-14 21:15:26,-16.7,-151.0167,81.36,75,42,15.48
221,Mudu,CN,2021-01-14 21:15:26,31.252,120.5118,43.0,66,0,6.13
222,Salalah,OM,2021-01-14 21:14:35,17.0151,54.0924,77.0,13,0,13.8
223,Valle De Allende,MX,2021-01-14 21:15:26,26.9333,-105.4,68.47,19,0,9.57
224,Salzwedel,DE,2021-01-14 21:15:27,52.85,11.15,36.0,92,97,1.99
225,Yellowknife,CA,2021-01-14 21:13:36,62.456,-114.3525,8.6,85,75,4.61
226,Huarmey,PE,2021-01-14 21:11:27,-10.0681,-78.1522,74.23,72,85,10.58
227,Ville-Marie,CA,2021-01-14 21:12:11,47.3335,-79.433,30.2,86,90,3.44
228,Shenjiamen,CN,2021-01-14 21:15:27,29.9576,122.298,52.18,87,0,13.96
229,Yablonovo,RU,2021-01-14 21:15:27,50.8523,37.3574,24.8,86,90,6.71
230,Mega,ET,2021-01-14 21:15:28,4.05,38.3,61.83,45,0,8.61
231,Atambua,ID,2021-01-14 21:14:24,-9.1061,124.8925,75.25,86,92,1.41
232,Koumac,NC,2021-01-14 21:15:28,-20.5667,164.2833,77.97,90,100,4.54
233,Ostrovnoy,RU,2021-01-14 21:15:28,68.0531,39.5131,-1.55,92,70,22.46
234,Bambous Virieux,MU,2021-01-14 21:15:28,-20.3428,57.7575,77.0,88,40,7.87
235,Springdale,US,2021-01-14 21:15:23,36.1867,-94.1288,50.0,37,75,121.98
236,Zharkent,KZ,2021-01-14 21:15:29,44.1628,80.0,12.88,86,48,3.02
237,Oloron-Sainte-Marie,FR,2021-01-14 21:15:29,43.1944,-0.6107,48.2,100,90,10.36
238,Coahuayana,MX,2021-01-14 21:15:29,18.7333,-103.6833,77.0,50,90,6.17
239,Bonthe,SL,2021-01-14 21:14:23,7.5264,-12.505,79.5,83,13,7.45
240,Cidreira,BR,2021-01-14 21:15:29,-30.1811,-50.2056,72.39,74,90,19.35
241,Hamilton,US,2021-01-14 21:15:30,39.1834,-84.5333,48.0,63,100,7.09
242,Jacqueville,CI,2021-01-14 21:15:30,5.2052,-4.4146,78.8,100,20,4.61
243,Kefalos,GR,2021-01-14 21:15:30,36.7453,26.9589,48.2,81,40,6.91
244,Kasempa,ZM,2021-01-14 21:15:30,-13.4584,25.8338,65.01,96,97,4.05
245,Bac Lieu,VN,2021-01-14 21:15:30,9.285,105.7244,72.03,85,26,9.33
246,Vila Velha,BR,2021-01-14 21:13:19,-20.3297,-40.2925,81.0,74,75,11.5
247,Bafq,IR,2021-01-14 21:15:31,31.6128,55.4107,52.7,34,39,7.52
248,Tara,RU,2021-01-14 21:15:31,56.8944,74.371,-18.06,85,0,4.41
249,Palu,ID,2021-01-14 21:15:31,-0.8917,119.8707,76.32,84,100,0.98
250,Sao Felix Do Xingu,BR,2021-01-14 21:11:38,-6.6447,-51.995,79.2,93,100,0.67
251,Miles City,US,2021-01-14 21:13:09,46.4083,-105.8406,39.2,24,40,46.04
252,Ketchikan,US,2021-01-14 21:14:59,55.3422,-131.6461,39.2,93,90,23.02
253,Bria,CF,2021-01-14 21:15:31,6.5423,21.9863,74.91,22,13,5.93
254,La Ronge,CA,2021-01-14 21:15:32,55.1001,-105.2842,23.0,80,100,14.97
255,Katsuura,JP,2021-01-14 21:15:32,35.1333,140.3,44.6,61,75,9.22
256,Verkhoshizhemye,RU,2021-01-14 21:15:32,58.011,49.1038,11.39,96,100,8.95
257,Rundu,NA,2021-01-14 21:15:32,-17.9333,19.7667,68.7,89,100,8.39
258,Victoria,HK,2021-01-14 21:11:51,22.2855,114.1577,61.0,63,0,7.43
259,Milkovo,RU,2021-01-14 21:11:55,54.7167,158.6167,-6.14,87,100,2.28
260,Obeliai,LT,2021-01-14 21:15:33,55.9667,25.15,9.88,95,72,7.38
261,Coihaique,CL,2021-01-14 21:10:36,-45.5752,-72.0662,71.6,33,0,9.22
262,Sinnamary,GF,2021-01-14 21:15:33,5.3833,-52.95,77.74,87,99,13.53
263,Placido De Castro,BR,2021-01-14 21:15:33,-10.3353,-67.1856,81.32,86,32,4.29
264,Skibbereen,IE,2021-01-14 21:15:33,51.55,-9.2667,41.0,87,40,6.91
265,Cameron Park,US,2021-01-14 21:15:33,38.6688,-120.9872,64.0,65,29,1.99
266,Palmer,US,2021-01-14 21:15:34,42.1584,-72.3287,37.0,93,90,0.51
267,Acajutla,SV,2021-01-14 21:11:03,13.5928,-89.8275,87.8,37,0,4.61
268,North Bend,US,2021-01-14 21:15:34,43.4065,-124.2243,66.99,63,1,3.44
269,Provideniya,RU,2021-01-14 21:15:34,64.3833,-173.3,10.4,79,90,8.95
270,Novobirilyussy,RU,2021-01-14 21:15:34,56.9514,90.6661,-7.55,88,100,13.71
271,Benguela,AO,2021-01-14 21:15:34,-12.5763,13.4055,75.07,72,55,4.61
272,Vitim,RU,2021-01-14 21:15:35,59.4511,112.5578,-1.44,89,100,12.12
273,Zandvoort,NL,2021-01-14 21:15:35,52.3749,4.5341,34.0,80,20,12.66
274,Leshukonskoye,RU,2021-01-14 21:10:48,64.8989,45.7622,-13.52,87,98,4.05
275,Wewak,PG,2021-01-14 21:15:35,-3.5534,143.6268,78.89,84,100,7.07
276,Russell,US,2021-01-14 21:15:27,32.3502,-85.1999,60.8,33,1,9.22
277,Lom Sak,TH,2021-01-14 21:15:36,16.7798,101.2422,62.56,68,0,3.44
278,Urusha,RU,2021-01-14 21:15:36,54.05,122.9,-27.56,82,0,1.39
279,Beipiao,CN,2021-01-14 21:15:36,41.7919,120.7792,5.94,87,100,19.64
280,Warrington,GB,2021-01-14 21:15:36,53.3925,-2.5802,36.0,93,0,5.75
281,Chokwe,MZ,2021-01-14 21:15:36,-24.5333,32.9833,77.18,84,36,5.3
282,Volksrust,ZA,2021-01-14 21:15:37,-27.3654,29.8818,60.58,78,66,4.32
283,Port Hardy,CA,2021-01-14 21:15:37,50.6996,-127.4199,46.4,71,75,27.63
284,Tessalit,ML,2021-01-14 21:14:21,20.1986,1.0114,66.74,23,0,12.91
285,Galveston,US,2021-01-14 21:15:24,29.3669,-94.9669,66.2,68,1,14.97
286,Batagay-Alyta,RU,2021-01-14 21:15:37,67.8006,130.4114,-36.63,71,58,0.36
287,Porto Novo,BJ,2021-01-14 21:15:37,6.4965,2.6036,82.4,83,20,11.5
288,Chkalovsk,RU,2021-01-14 21:15:38,56.7647,43.2433,15.01,92,90,6.71
289,Hanyang,CN,2021-01-14 21:15:38,32.1371,105.5126,35.26,83,0,4.0
290,Monkey Bay,MW,2021-01-14 21:15:38,-14.0728,34.9201,78.12,73,100,3.24
291,Payakumbuh,ID,2021-01-14 21:15:38,-0.2202,100.6308,66.58,89,94,0.89
292,Kieta,PG,2021-01-14 21:10:42,-6.2167,155.6333,81.7,69,65,0.34
293,Saint George,US,2021-01-14 21:14:44,37.1041,-113.5841,59.0,29,1,0.89
294,Saint Anthony,US,2021-01-14 21:15:39,45.0205,-93.218,36.0,87,90,5.75
295,Daru,PG,2021-01-14 21:15:39,-9.0763,143.2092,78.71,87,99,9.28
296,Novo Oriente,BR,2021-01-14 21:15:39,-5.5344,-40.7742,84.07,50,70,4.81
297,Kropotkin,RU,2021-01-14 21:15:39,45.4375,40.5756,35.31,86,100,9.86
298,Nsanje,MW,2021-01-14 21:15:39,-16.92,35.262,75.58,91,79,2.35
299,Guerrero Negro,MX,2021-01-14 21:14:01,27.9769,-114.0611,76.33,17,0,5.35
300,Tamale,GH,2021-01-14 21:15:40,9.4008,-0.8393,82.85,13,5,5.68
301,Angoche,MZ,2021-01-14 21:15:40,-16.2325,39.9086,79.97,88,73,8.97
302,Zelenets,RU,2021-01-14 21:15:40,61.8849,50.7489,-4.0,84,75,4.47
303,Qaqortoq,GL,2021-01-14 21:15:40,60.7167,-46.0333,24.8,80,90,4.61
304,Puerto Escondido,MX,2021-01-14 21:15:40,15.85,-97.0667,80.6,78,40,6.91
305,Kavaratti,IN,2021-01-14 21:13:58,10.5669,72.642,82.29,72,93,8.01
306,Apiai,BR,2021-01-14 21:15:41,-24.5094,-48.8425,66.2,98,87,6.38
307,Campos Novos,BR,2021-01-14 21:15:41,-27.4017,-51.225,71.49,80,11,7.02
308,Garner,US,2021-01-14 21:13:57,35.7113,-78.6142,55.99,67,0,4.16
309,Pajan,EC,2021-01-14 21:15:42,-1.5667,-80.4167,85.28,59,98,2.73
310,Waingapu,ID,2021-01-14 21:10:46,-9.6567,120.2641,79.97,82,98,5.66
311,Batagay,RU,2021-01-14 21:15:42,67.6333,134.6333,-41.85,74,100,1.28
312,Kiunga,PG,2021-01-14 21:15:42,-6.1219,141.2906,74.16,99,100,2.37
313,Cockburn Town,TC,2021-01-14 21:15:42,21.4612,-71.1419,80.6,69,40,4.61
314,Nantucket,US,2021-01-14 21:15:42,41.2835,-70.0995,44.6,81,90,5.75
315,Norman Wells,CA,2021-01-14 21:15:42,65.282,-126.8329,1.4,85,75,2.3
316,Kaitong,CN,2021-01-14 21:15:43,44.8135,123.15,2.1,93,100,14.76
317,Shaunavon,CA,2021-01-14 21:15:43,49.6501,-108.4181,26.6,59,1,32.21
318,Kerman,IR,2021-01-14 21:15:43,30.2832,57.0788,26.6,28,0,4.61
319,Vardo,NO,2021-01-14 21:15:43,70.3705,31.1107,32.0,69,75,11.5
320,Bairnsdale,AU,2021-01-14 21:15:43,-37.8333,147.6167,62.01,74,90,3.22
321,Ilulissat,GL,2021-01-14 21:14:06,69.2167,-51.1,17.6,93,75,3.44
322,Rio Grande,BR,2021-01-14 21:11:45,-32.035,-52.0986,78.8,53,40,13.8
323,Kysyl-Syr,RU,2021-01-14 21:15:44,63.8986,122.7617,-34.89,81,96,9.13
324,Kozulka,UA,2021-01-14 21:15:44,50.0351,23.797,23.0,93,75,6.71
325,Pizarro,CO,2021-01-14 21:15:44,4.9533,-77.366,78.24,89,100,8.63
326,Gdov,RU,2021-01-14 21:15:44,58.7406,27.8122,2.82,93,1,6.4
327,Verkhnyaya Inta,RU,2021-01-14 21:15:44,65.9811,60.3094,-15.39,86,100,3.24
328,Bhadasar,IN,2021-01-14 21:15:44,28.2833,74.3167,58.96,30,66,7.31
329,Omsukchan,RU,2021-01-14 21:15:45,62.5333,155.8,-40.27,77,50,3.53
330,Kihei,US,2021-01-14 21:15:45,20.785,-156.4656,82.4,57,40,18.41
331,Belaya Gora,RU,2021-01-14 21:14:41,68.5333,146.4167,-21.62,87,100,7.0
332,Cozumel,MX,2021-01-14 21:15:33,20.5083,-86.9458,77.0,88,75,11.5
333,Broken Hill,AU,2021-01-14 21:15:45,-31.95,141.4333,55.4,54,7,17.27
334,Keetmanshoop,NA,2021-01-14 21:15:46,-26.5833,18.1333,77.92,50,100,19.77
335,Niteroi,BR,2021-01-14 21:15:46,-22.8833,-43.1036,84.99,74,40,4.61
336,Taoudenni,ML,2021-01-14 21:15:46,22.6783,-3.9836,59.63,31,1,11.74
337,Lorengau,PG,2021-01-14 21:13:54,-2.0226,147.2712,82.8,72,100,8.79
338,Boden,SE,2021-01-14 21:15:46,65.8252,21.6886,-7.6,77,20,1.14
339,Usinsk,RU,2021-01-14 21:15:46,65.9939,57.5281,-17.9,87,100,7.31
340,Ulaangom,MN,2021-01-14 21:15:47,49.9811,92.0667,-13.54,83,15,0.85
341,Manama,BH,2021-01-14 21:15:47,26.2154,50.5832,62.6,59,0,4.61
342,Campos Do Jordao,BR,2021-01-14 21:15:47,-22.7394,-45.5914,80.6,69,75,11.5
343,Conceicao Do Araguaia,BR,2021-01-14 21:15:47,-8.2578,-49.2647,82.78,75,100,3.02
344,Luderitz,NA,2021-01-14 21:15:48,-26.6481,15.1594,65.88,81,53,4.81
345,Sigli,ID,2021-01-14 21:15:48,5.3848,95.9609,77.47,80,100,3.71
346,Zyryanovsk,KZ,2021-01-14 21:15:48,49.7386,84.2719,-22.63,85,0,0.25
347,Jiayuguan,CN,2021-01-14 21:15:48,39.8167,98.3,16.57,91,100,5.46
348,Aripuana,BR,2021-01-14 21:15:48,-9.1667,-60.6333,80.04,94,100,1.95
349,Tianpeng,CN,2021-01-14 21:15:48,30.9866,103.9393,42.8,75,0,2.24
350,Lincoln,US,2021-01-14 21:13:17,40.8,-96.667,43.0,33,20,28.77
351,San Andres,CO,2021-01-14 21:11:51,12.5847,-81.7006,84.2,74,75,13.8
352,Gemena,CD,2021-01-14 21:15:49,3.25,19.7667,74.71,27,52,1.59
353,Puerto Suarez,BO,2021-01-14 21:15:49,-18.95,-57.8,86.0,79,75,2.19
354,Yulara,AU,2021-01-14 21:14:55,-25.2406,130.9889,82.4,30,1,12.66
355,Carnduff,CA,2021-01-14 21:15:49,49.1667,-101.8009,28.0,78,100,21.0
356,Fortuna,US,2021-01-14 21:15:49,40.5982,-124.1573,66.99,72,1,3.98
357,Sao Miguel,BR,2021-01-14 21:15:50,-5.4667,-35.3667,82.4,74,20,14.97
358,Santa Lucia,ES,2021-01-14 21:15:50,27.9117,-15.5407,62.6,59,75,16.11
359,Ust-Nera,RU,2021-01-14 21:15:50,64.5667,143.2,-23.19,77,100,3.04
360,Wana,PK,2021-01-14 21:15:50,32.2989,69.5725,43.95,47,0,1.43
361,Dzilam Gonzalez,MX,2021-01-14 21:15:50,21.2833,-88.9333,75.58,64,16,7.2
362,Shubarshi,KZ,2021-01-14 21:15:50,48.5872,57.1869,16.88,91,100,22.59
363,Nagato,JP,2021-01-14 21:15:51,34.3833,131.2,44.6,87,40,4.61
364,Yerbogachen,RU,2021-01-14 21:15:51,61.2767,108.0108,-5.76,89,100,12.12
365,Neiafu,TO,2021-01-14 21:15:51,-18.65,-173.9833,82.4,78,20,10.36
366,De-Kastri,RU,2021-01-14 21:15:51,51.4667,140.7833,-9.96,86,12,7.78
367,Funtua,NG,2021-01-14 21:15:52,11.5233,7.3081,67.96,22,2,9.24
368,Baruun-Urt,MN,2021-01-14 21:15:52,46.6806,113.2792,-15.05,84,0,3.71
369,Beloha,MG,2021-01-14 21:15:52,-25.1667,45.05,75.61,87,3,9.95
370,Tuatapere,NZ,2021-01-14 21:15:52,-46.1333,167.6833,66.4,63,21,1.97
371,Puri,IN,2021-01-14 21:15:52,19.8,85.85,69.8,88,20,2.8
372,Najran,SA,2021-01-14 21:15:52,17.4924,44.1277,57.2,33,0,0.67
373,Dongsheng,CN,2021-01-14 21:15:52,39.8161,109.9776,14.5,80,41,17.36
374,Ribeira Grande,PT,2021-01-14 21:15:53,38.5167,-28.7,62.6,94,75,19.57
375,Yaan,NG,2021-01-14 21:15:53,7.3833,8.5667,82.08,16,0,4.56
376,Kuminskiy,RU,2021-01-14 21:15:53,58.6667,66.5667,-12.42,87,100,7.45
377,Codrington,AU,2021-01-14 21:15:53,-38.2667,141.9667,54.73,72,68,17.43
378,Verkhoyansk,RU,2021-01-14 21:15:53,67.5447,133.385,-45.51,67,81,1.32
379,Waddan,LY,2021-01-14 21:15:53,29.1614,16.139,50.07,59,0,0.43
380,Dauphin,CA,2021-01-14 21:15:54,51.1494,-100.0502,29.35,96,100,17.27
381,Husavik,IS,2021-01-14 21:15:54,66.0449,-17.3389,37.4,70,0,10.36
382,Kahului,US,2021-01-14 21:15:54,20.8947,-156.47,82.4,57,40,18.41
383,Thap Than,TH,2021-01-14 21:15:54,15.4606,99.8917,71.01,72,0,1.81
384,Empalme,MX,2021-01-14 21:15:54,27.9667,-110.8167,82.99,27,1,8.05
385,Hambantota,LK,2021-01-14 21:15:55,6.1241,81.1185,76.78,85,100,7.74
386,Karpathos,GR,2021-01-14 21:15:55,35.507,27.2132,53.6,58,0,13.8
387,Shimoda,JP,2021-01-14 21:15:12,34.6667,138.95,39.99,78,92,14.25
388,Itarema,BR,2021-01-14 21:15:55,-2.9248,-39.9167,80.33,75,37,13.24
389,Benalla,AU,2021-01-14 21:15:55,-36.55,145.9833,62.6,55,0,9.22
390,Balma,FR,2021-01-14 21:15:55,43.6111,1.4994,46.99,93,75,17.27
391,Sokolo,ML,2021-01-14 21:15:56,14.7328,-6.1219,75.15,17,10,11.12
392,Kasongo-Lunda,CD,2021-01-14 21:15:56,-6.4667,16.8167,70.32,86,96,1.74
393,Kathu,TH,2021-01-14 21:15:56,7.9178,98.3332,82.0,78,20,4.61
394,Oranjemund,NA,2021-01-14 21:13:41,-28.55,16.4333,65.89,86,40,8.19
395,Jaisinghnagar,IN,2021-01-14 21:15:56,23.7,81.3833,45.36,54,0,1.97
396,Itai,BR,2021-01-14 21:15:57,-23.4178,-49.0906,71.38,91,98,11.1
397,Kyshtovka,RU,2021-01-14 21:15:57,56.555,76.6271,-18.78,85,0,6.29
398,Douentza,ML,2021-01-14 21:15:57,14.9951,-2.9517,70.99,20,0,4.32
399,Namatanai,PG,2021-01-14 21:15:57,-3.6667,152.4333,81.41,74,100,4.29
400,Cheremukhovo,RU,2021-01-14 21:15:57,60.3484,59.9851,-0.89,92,100,5.06
401,Mount Gambier,AU,2021-01-14 21:15:58,-37.8333,140.7667,51.8,82,75,11.5
402,Nadvoitsy,RU,2021-01-14 21:15:58,63.8667,34.3167,-18.06,90,53,5.01
403,Leningradskiy,RU,2021-01-14 21:15:58,69.3833,178.4167,-2.22,91,100,11.01
404,Acari,PE,2021-01-14 21:15:58,-15.4311,-74.6158,77.88,54,69,10.47
405,Tarabuco,BO,2021-01-14 21:15:58,-19.1667,-64.9167,57.54,74,51,7.09
406,Camopi,GF,2021-01-14 21:15:58,3.1655,-52.3158,75.63,96,100,3.42
407,Port Lincoln,AU,2021-01-14 21:15:59,-34.7333,135.8667,58.53,71,51,19.98
408,Hereford,GB,2021-01-14 21:15:59,52.0568,-2.7148,37.0,90,100,7.81
409,Warrnambool,AU,2021-01-14 21:15:59,-38.3833,142.4833,53.01,94,72,20.85
410,Kasungu,MW,2021-01-14 21:15:59,-13.0333,33.4833,67.3,95,97,2.15
411,Slave Lake,CA,2021-01-14 21:11:29,55.2834,-114.769,30.2,55,0,18.41
412,Korla,CN,2021-01-14 21:11:33,41.7597,86.1469,19.09,84,0,7.52
413,Mackenzie,CA,2021-01-14 21:16:00,55.2999,-123.1698,23.0,86,90,6.91
414,Vila Franca Do Campo,PT,2021-01-14 21:16:00,37.7167,-25.4333,62.01,94,75,11.5
415,Chimbarongo,CL,2021-01-14 21:16:00,-34.7,-71.05,88.0,23,0,10.36
416,Asau,RO,2021-01-14 21:16:02,46.4333,26.4,23.0,93,75,2.3
417,Tres Arroyos,AR,2021-01-14 21:16:02,-38.3739,-60.2798,79.36,37,0,14.79
418,Vao,NC,2021-01-14 21:16:02,-22.6667,167.4833,77.11,91,100,16.87
419,Olafsvik,IS,2021-01-14 21:14:30,64.8945,-23.7142,40.37,77,90,22.93
420,Oriximina,BR,2021-01-14 21:16:02,-1.7656,-55.8661,83.8,66,99,3.06
421,Sukpak,RU,2021-01-14 21:16:03,51.6667,94.6333,-12.48,86,94,2.1
422,Kenai,US,2021-01-14 21:16:03,60.5544,-151.2583,33.01,69,20,25.32
423,Bugulma,RU,2021-01-14 21:16:03,54.55,52.8,9.93,96,100,17.05
424,Tiarei,PF,2021-01-14 21:16:03,-17.5333,-149.3333,86.0,66,40,5.75
425,Itoman,JP,2021-01-14 21:16:04,26.1247,127.6694,64.4,88,75,11.5
426,Adilabad,IN,2021-01-14 21:16:04,19.6667,78.5333,64.33,39,0,2.28
427,Dubbo,AU,2021-01-14 21:12:53,-32.25,148.6167,66.2,77,7,3.87
428,Mayo,US,2021-01-14 21:16:04,38.8876,-76.5119,50.0,61,1,5.75
429,Ushtobe,KZ,2021-01-14 21:16:04,45.2514,77.9838,-2.63,89,9,11.74
430,Mandalgovi,MN,2021-01-14 21:16:05,45.7625,106.2708,-9.62,82,28,10.29
431,Coquimbo,CL,2021-01-14 21:16:05,-29.9533,-71.3436,64.4,68,0,12.66
432,Margate,GB,2021-01-14 21:16:05,51.3813,1.3862,39.0,79,100,1.99
433,Sant Julia De Loria,AD,2021-01-14 21:16:05,42.4625,1.4825,39.0,95,22,5.01
434,Baculin,PH,2021-01-14 21:16:05,7.4525,126.5842,77.49,80,53,5.66
435,Santa Cruz Cabralia,BR,2021-01-14 21:16:06,-16.2781,-39.0247,78.8,73,40,11.5
436,Emba,KZ,2021-01-14 21:16:06,48.8264,58.1442,16.03,89,100,25.1
437,Galesong,ID,2021-01-14 21:16:06,-5.3166,119.3661,75.2,100,20,3.44
438,Malmesbury,ZA,2021-01-14 21:16:06,-33.4608,18.7271,64.99,94,75,12.66
439,Yalta,UA,2021-01-14 21:16:06,44.5,34.1667,37.33,78,100,4.61
440,Sibu,MY,2021-01-14 21:16:06,2.3,111.8167,75.2,100,40,1.14
441,Bujumbura,BI,2021-01-14 21:15:39,-3.3822,29.3644,69.67,81,100,0.2
442,Mount Isa,AU,2021-01-14 21:16:07,-20.7333,139.5,77.0,50,71,9.17
443,Gat,IL,2021-01-14 21:16:07,31.61,34.7642,59.0,100,15,1.01
444,Cabo San Lucas,MX,2021-01-14 21:16:07,22.8909,-109.9124,75.2,33,1,5.75
445,Bilma,NE,2021-01-14 21:16:07,18.6853,12.9164,64.83,28,0,4.23
446,Cabinda,AO,2021-01-14 21:16:08,-5.55,12.2,78.1,76,0,7.83
447,Conner,PH,2021-01-14 21:16:08,17.7964,121.3275,69.48,88,100,2.48
448,Avera,US,2021-01-14 21:16:08,33.194,-82.5271,57.2,38,1,10.36
449,Paamiut,GL,2021-01-14 21:16:08,61.994,-49.6678,22.62,90,94,10.07
450,Effingham,US,2021-01-14 21:16:08,32.3669,-81.3332,60.8,36,20,11.5
451,Pangnirtung,CA,2021-01-14 21:13:50,66.1451,-65.7125,-14.8,76,20,1.95
452,Bilibino,RU,2021-01-14 21:16:09,68.0546,166.4372,-24.2,83,98,0.13
453,Srednekolymsk,RU,2021-01-14 21:16:09,67.45,153.6833,-18.02,88,100,13.53
454,Caceres,ES,2021-01-14 21:16:10,39.522,-6.3748,35.38,85,5,1.39
455,Fougeres,FR,2021-01-14 21:16:10,48.35,-1.2,48.2,87,90,14.97
456,Astana,KZ,2021-01-14 21:16:10,51.1801,71.446,-16.6,69,0,6.71
457,Beaverlodge,CA,2021-01-14 21:16:10,55.2166,-119.4361,26.6,63,20,3.44
458,Chara,RU,2021-01-14 21:16:10,56.9064,118.2631,-22.43,70,100,0.27
459,Geraldton,AU,2021-01-14 21:16:10,-28.7667,114.6,82.4,32,1,14.97
460,Shingu,JP,2021-01-14 21:16:11,33.7333,135.9833,43.45,68,100,5.12
461,Honningsvag,NO,2021-01-14 21:13:41,70.9821,25.9704,32.0,86,75,6.91
462,Syracuse,IT,2021-01-14 21:16:11,37.0881,15.2792,55.4,100,20,15.21
463,Cabiraoan,PH,2021-01-14 21:16:11,18.3238,122.086,71.35,85,100,7.92
464,Maine-Soroa,NE,2021-01-14 21:16:11,13.2114,12.0241,65.68,25,0,5.23
465,Sombrio,BR,2021-01-14 21:16:12,-29.1139,-49.6167,70.2,83,98,6.06
466,Cabedelo,BR,2021-01-14 21:16:12,-6.9811,-34.8339,80.6,78,20,8.05
467,Muzhi,RU,2021-01-14 21:14:06,65.3667,64.6667,-5.46,85,99,4.92
468,Abapo,BO,2021-01-14 21:16:12,-18.8333,-63.4667,80.26,62,36,2.84
469,Kisangani,CD,2021-01-14 21:16:12,0.5167,25.2,71.85,89,87,3.85
470,Minab,IR,2021-01-14 21:16:12,27.1467,57.0801,53.6,66,20,2.3
471,Constitucion,CL,2021-01-14 21:15:56,-35.3333,-72.4167,64.0,56,8,19.91
472,Sonoita,MX,2021-01-14 21:16:13,31.85,-112.8333,72.0,13,28,11.05
473,Nanortalik,GL,2021-01-14 21:16:13,60.1432,-45.2371,22.35,94,95,4.43
474,Resistencia,AR,2021-01-14 21:16:13,-27.4606,-58.9839,93.2,46,20,10.36
475,Sabang,ID,2021-01-14 21:16:14,5.8933,95.3214,80.85,79,100,15.48
476,Inuvik,CA,2021-01-14 21:11:46,68.3499,-133.7218,-5.8,77,40,1.14
477,Carahue,CL,2021-01-14 21:16:14,-38.7,-73.1667,69.8,56,0,8.05
478,Caraballeda,VE,2021-01-14 21:16:14,10.6112,-66.8522,84.2,74,20,2.3
479,Kitale,KE,2021-01-14 21:16:14,1.0157,35.0062,58.44,58,14,2.59
480,La Asuncion,VE,2021-01-14 21:16:15,11.0333,-63.8628,78.19,78,98,15.88
481,Ocampo,MX,2021-01-14 21:16:15,21.65,-101.5,65.64,26,99,15.12
482,Kichera,RU,2021-01-14 21:16:15,55.9375,110.0997,-4.25,86,100,3.85
483,Deder,ET,2021-01-14 21:16:15,9.3167,41.45,54.64,51,37,1.19
484,Kargil,IN,2021-01-14 21:16:15,34.5667,76.1,-1.91,61,100,1.72
485,Juan Lacaze,UY,2021-01-14 21:16:16,-34.4342,-57.4381,84.0,78,0,17.27
486,San Isidro,PE,2021-01-14 21:14:11,-12.1167,-77.05,71.6,73,0,11.5
487,Klaksvik,FO,2021-01-14 21:13:57,62.2266,-6.589,35.6,100,100,11.74
488,Shihezi,CN,2021-01-14 21:16:16,44.3,86.0333,1.74,93,93,1.48
489,Ahipara,NZ,2021-01-14 21:16:16,-35.1667,173.1667,71.06,63,1,5.97
490,Defiance,US,2021-01-14 21:16:16,41.3334,-84.45,44.6,61,1,8.05
491,Wajima,JP,2021-01-14 21:16:17,37.4,136.9,41.47,77,69,12.06
492,Katherine,AU,2021-01-14 21:11:19,-14.4667,132.2667,78.8,94,90,4.61
493,Asfi,MA,2021-01-14 21:16:17,32.2994,-9.2372,54.21,70,34,14.47
494,Astoria,US,2021-01-14 21:16:17,46.1879,-123.8313,55.99,58,1,6.91
495,Serenje,ZM,2021-01-14 21:16:18,-13.2325,30.2352,63.73,98,100,4.79
496,Ixtapa,MX,2021-01-14 21:16:18,20.7,-105.2,73.4,73,75,11.5
497,Kedrovyy,RU,2021-01-14 21:16:18,56.1667,91.8167,5.0,72,40,11.18
498,Eureka,US,2021-01-14 21:16:18,40.8021,-124.1637,66.0,72,1,6.91
499,Parabel,RU,2021-01-14 21:16:18,58.6978,81.4825,-9.71,89,97,9.22
500,Toora-Khem,RU,2021-01-14 21:16:18,52.4675,96.11,-9.4,88,100,0.34
501,Soma,TR,2021-01-14 21:16:18,39.1855,27.6094,39.2,93,75,1.14
502,Nabire,ID,2021-01-14 21:13:35,-3.3667,135.4833,76.03,88,100,3.94
503,Thinadhoo,MV,2021-01-14 21:15:13,0.5333,72.9333,81.63,77,96,17.09
504,Brus Laguna,HN,2021-01-14 21:16:19,15.75,-84.4833,75.22,89,100,3.56
505,Sioux Lookout,CA,2021-01-14 21:15:01,50.1001,-91.917,32.0,86,90,4.61
506,Hasaki,JP,2021-01-14 21:14:04,35.7333,140.8333,39.2,75,75,4.61
507,Sao Joao Da Barra,BR,2021-01-14 21:16:20,-21.6403,-41.0511,80.6,69,0,18.41
508,Montepuez,MZ,2021-01-14 21:16:20,-13.1256,38.9997,71.1,95,27,2.93
509,Praia,CV,2021-01-14 21:15:13,14.9215,-23.5087,71.6,68,0,18.41
510,Portales,US,2021-01-14 21:13:53,34.1862,-103.3344,48.0,24,20,8.05
511,Pacific Grove,US,2021-01-14 21:13:10,36.6177,-121.9166,75.2,38,1,6.91
512,Chivay,PE,2021-01-14 21:16:21,-15.6383,-71.6011,56.71,56,84,7.54
513,Key Largo,US,2021-01-14 21:13:38,25.0865,-80.4473,66.0,67,98,3.0
514,Trincomalee,LK,2021-01-14 21:12:31,8.5711,81.2335,79.7,83,100,11.81
515,Broome,US,2021-01-14 21:16:22,42.2506,-75.833,39.0,80,90,4.61
516,Padang,ID,2021-01-14 21:16:22,-0.9492,100.3543,76.51,71,30,4.68
517,San Javier,ES,2021-01-14 21:16:22,37.8063,-0.8374,48.0,93,0,5.75
518,Necochea,AR,2021-01-14 21:16:22,-38.5473,-58.7368,78.01,47,31,16.35
519,Gravdal,NO,2021-01-14 21:16:22,68.1214,13.5031,35.6,69,75,3.44
520,Riyadh,SA,2021-01-14 21:16:04,24.6877,46.7219,60.8,27,0,7.58
521,Oboyan,RU,2021-01-14 21:16:23,51.2098,36.2792,24.8,93,90,6.71
522,Novaya Mayna,RU,2021-01-14 21:16:23,54.15,49.75,12.2,92,90,6.71
523,Koindu,GN,2021-01-14 21:16:23,8.4386,-10.3253,71.35,47,48,1.28
524,Sandnessjoen,NO,2021-01-14 21:16:23,66.0217,12.6316,24.8,80,75,6.91
525,Bongandanga,CD,2021-01-14 21:16:24,1.5,21.05,75.31,72,100,3.76
526,Bardiyah,LY,2021-01-14 21:16:24,31.7561,25.0865,57.09,67,0,11.39
527,Dolores,AR,2021-01-14 21:16:24,-36.3132,-57.6792,76.93,31,0,16.55
528,Touros,BR,2021-01-14 21:16:24,-5.1989,-35.4608,80.6,74,20,14.97
529,Santa Engracia,ES,2021-01-14 21:16:24,41.9406,-1.3245,48.0,87,40,12.66
530,Nanga Eboko,CM,2021-01-14 21:16:25,4.6833,12.3667,72.68,53,0,4.25
531,Qax,AZ,2021-01-14 21:16:25,41.4225,46.9242,46.4,87,75,9.22
532,Umm Lajj,SA,2021-01-14 21:16:25,25.0213,37.2685,69.33,55,100,14.29
533,Portland,US,2021-01-14 21:15:08,45.5234,-122.6762,55.99,50,40,6.91
534,Doha,QA,2021-01-14 21:16:26,25.2867,51.5333,59.0,51,0,2.3
535,Gamba,GA,2021-01-14 21:16:26,-2.65,10.0,74.88,88,30,2.37
536,Puerto Carreno,CO,2021-01-14 21:16:26,6.189,-67.4859,89.65,47,4,12.97
537,Matanzas,CU,2021-01-14 21:16:26,23.0411,-81.5775,73.4,88,75,11.5
538,Black River,JM,2021-01-14 21:14:05,18.0264,-77.8487,82.0,78,75,14.97
539,Iqaluit,CA,2021-01-14 21:16:27,63.7506,-68.5145,-11.0,77,90,4.61
540,Aklavik,CA,2021-01-14 21:16:27,68.2191,-135.0107,-5.8,77,78,1.14
541,Moron,AR,2021-01-14 21:16:27,-34.6534,-58.6198,82.99,43,0,8.01
542,Santa Fe,AR,2021-01-14 21:12:09,-31.6333,-60.7,91.99,35,12,7.0
543,Rocha,UY,2021-01-14 21:16:27,-34.4833,-54.3333,73.42,44,0,15.3
544,Chicama,PE,2021-01-14 21:16:28,-7.8447,-79.1469,78.21,59,91,11.39
545,Chichicastenango,GT,2021-01-14 21:16:28,14.9333,-91.1167,73.4,68,75,6.91
546,Taitung,TW,2021-01-14 21:16:28,22.7583,121.1444,59.58,56,0,6.49
547,Menongue,AO,2021-01-14 21:16:28,-14.6585,17.691,64.54,87,100,1.03
548,Snezhnogorsk,RU,2021-01-14 21:16:29,69.1933,33.2531,5.0,85,75,2.24
549,Auki,SB,2021-01-14 21:16:29,-8.7676,160.7034,81.37,77,90,3.24
550,Nuuk,GL,2021-01-14 21:16:29,64.1835,-51.7216,23.0,93,75,1.14
551,Abu Dhabi,AE,2021-01-14 21:16:30,24.4667,54.3667,62.6,82,0,1.14
552,Elliot Lake,CA,2021-01-14 21:16:30,46.3834,-82.6331,35.6,69,90,9.22
553,Thunder Bay,CA,2021-01-14 21:15:04,48.4001,-89.3168,35.01,86,90,13.8
554,Hovd,MN,2021-01-14 21:16:30,48.0056,91.6419,-3.05,73,3,6.11
555,Vredendal,ZA,2021-01-14 21:16:30,-31.6683,18.5012,69.33,81,89,10.2
556,Yabelo,ET,2021-01-14 21:16:30,4.8833,38.0833,62.42,37,0,11.68
557,Moerai,PF,2021-01-14 21:16:31,-22.4333,-151.3333,78.85,76,100,12.62
558,Ginda,IN,2021-01-14 21:16:31,30.6945,78.4932,49.8,39,100,2.8
559,Magadan,RU,2021-01-14 21:16:31,59.5667,150.8,-17.75,77,0,6.96
560,Novyy Urgal,RU,2021-01-14 21:16:31,51.0736,132.5642,-19.7,86,97,1.81
561,Rameshki,RU,2021-01-14 21:16:31,57.3439,36.0453,-7.26,91,100,7.16
562,Nisia Floresta,BR,2021-01-14 21:16:32,-6.0911,-35.2086,82.4,69,20,12.66
563,Nome,US,2021-01-14 21:16:08,64.5011,-165.4064,15.8,86,90,5.55
564,Bermeo,ES,2021-01-14 21:16:32,43.4209,-2.7215,52.0,93,75,5.75
565,Mount Pleasant,US,2021-01-14 21:16:32,32.7941,-79.8626,59.0,33,1,6.91
566,Niltepec,MX,2021-01-14 21:16:32,16.5667,-94.6167,84.9,47,100,7.99
567,San Carlos De Bariloche,AR,2021-01-14 21:16:33,-41.1456,-71.3082,72.0,34,75,18.41
568,Seybaplaya,MX,2021-01-14 21:16:33,19.65,-90.6667,77.0,73,40,11.5
569,Teluk Nibung,ID,2021-01-14 21:16:33,3.001,99.8164,74.71,92,100,5.88
570,Progreso,MX,2021-01-14 21:15:11,21.2833,-89.6667,77.0,65,75,5.75
571,Machaneng,BW,2021-01-14 21:16:34,-23.1862,27.4886,78.69,58,39,17.0
572,Tautira,PF,2021-01-14 21:16:34,-17.7333,-149.15,86.0,66,40,5.75
